code,name,industry,current_price,high_lookback,low_lookback,drawdown,drawdown_pct,bounce_from_low,distance_to_resistance,volume_ratio,volume_contracted,is_oversold,meet_all_conditions,scan_date,lookback_period,bounce_trigger_date
000638,,,2.32,6.87,1.72,-0.6622998544395925,66.22998544395925,34.883720930232556,196.12068965517247,92.39275883778643,False,True,True,2026-03-11,120,2026-02-10
688066,,,23.92,49.8,22.49,-0.5196787148594377,51.967871485943775,6.358381502890189,108.19397993311036,84.47455651377632,False,True,True,2026-03-11,120,2025-11-24
603778,,,15.0,27.72,6.39,-0.4588744588744589,45.887445887445885,134.7417840375587,84.8,85.49741635343374,False,True,True,2026-03-11,120,2025-11-12
002731,,,9.37,17.28,8.77,-0.4577546296296297,45.77546296296297,6.841505131128844,84.41835645677698,172.157125374978,False,True,True,2026-03-11,120,2026-02-25
600865,,,12.71,23.1,8.87,-0.4497835497835498,44.97835497835498,43.29199549041716,81.74665617623918,56.593613537135546,True,True,True,2026-03-11,120,2025-11-27
002788,,,15.78,28.29,9.22,-0.44220572640509015,44.22057264050901,71.14967462039044,79.27756653992397,80.35243950132698,False,True,True,2026-03-11,120,2025-12-02
002713,,,10.38,18.6,8.18,-0.44193548387096776,44.193548387096776,26.894865525672383,79.1907514450867,95.05313009148668,False,True,True,2026-03-11,120,2026-01-30
600408,,,3.86,6.9,3.63,-0.4405797101449276,44.05797101449276,6.336088154269973,78.75647668393783,63.31893302501437,True,True,True,2026-03-11,120,2026-02-24
300111,,,4.78,8.38,3.99,-0.42959427207637235,42.95942720763723,19.799498746867165,75.31380753138076,81.22709321237127,False,True,True,2026-03-11,120,2026-01-19
600783,,,23.16,39.44,13.64,-0.41277890466531436,41.27789046653144,69.79472140762462,70.293609671848,98.11847280042005,False,True,True,2026-03-11,120,2025-11-27
000632,,,5.14,8.75,4.8,-0.4125714285714286,41.25714285714286,7.08333333333333,70.23346303501945,34.21460068617941,True,True,True,2026-03-11,120,2026-02-24
002702,,,6.63,11.22,4.96,-0.4090909090909091,40.909090909090914,33.66935483870967,69.23076923076924,56.263863219622834,True,True,True,2026-03-11,120,2025-11-25
600693,,,13.53,22.88,8.26,-0.40865384615384615,40.86538461538461,63.80145278450363,69.10569105691057,54.225495903809716,True,True,True,2026-03-11,120,2025-11-25
600403,,,7.13,12.0,6.34,-0.4058333333333333,40.583333333333336,12.46056782334385,68.30294530154278,108.5819353486781,False,True,True,2026-03-11,120,2026-02-03
300723,,,33.54,56.0,31.7,-0.4010714285714286,40.10714285714286,5.804416403785488,66.96481812760882,70.14265907542573,False,True,True,2026-03-11,120,2026-02-25
688615,,,221.02,368.68,187.0,-0.40050992730823476,40.050992730823474,18.192513368983963,66.8084336259162,99.91437182124523,False,True,True,2026-03-11,120,2025-12-12
301117,,,50.78,84.48,34.7,-0.39891098484848486,39.891098484848484,46.3400576368876,66.36471051595116,47.845806298457404,True,True,True,2026-03-11,120,2025-11-13
000004,,,7.94,13.2,7.56,-0.39848484848484844,39.848484848484844,5.026455026455038,66.24685138539041,108.27717572084103,False,True,True,2026-03-11,120,2026-02-13
301079,,,42.24,70.14,23.62,-0.397775876817793,39.777587681779295,78.83149872988993,66.05113636363636,83.06228117509367,False,True,True,2026-03-11,120,2025-12-04
002682,,,7.21,11.94,5.13,-0.3961474036850921,39.61474036850921,40.5458089668616,65.60332871012481,36.51078208670896,True,True,True,2026-03-11,120,2025-11-28
002175,,,3.27,5.4,3.11,-0.3944444444444445,39.44444444444445,5.144694533762062,65.1376146788991,77.39648592139473,False,True,True,2026-03-11,120,2026-02-24
688523,,,57.43,94.7,24.42,-0.393558606124604,39.355860612460404,135.17608517608514,64.89639561204946,49.809280818756044,True,True,True,2026-03-11,120,2025-11-24
300086,,,9.22,15.19,8.38,-0.3930217248189598,39.30217248189598,10.023866348448685,64.75054229934922,43.05532177808541,True,True,True,2026-03-11,120,2025-11-13
301306,,,104.04,170.05,50.79,-0.3881799470743899,38.81799470743899,104.84347312463085,63.446751249519416,64.1012024543476,True,True,True,2026-03-11,120,2025-11-24
300779,,,99.99,163.0,88.64,-0.3865644171779141,38.65644171779141,12.804602888086636,63.01630163016303,101.99566132355511,False,True,True,2026-03-11,120,2026-01-19
002227,,,10.06,16.36,9.38,-0.3850855745721271,38.50855745721271,7.249466950959485,62.624254473161024,122.67848629366229,False,True,True,2026-03-11,120,2026-02-24
301556,,,103.4,168.0,92.0,-0.3845238095238095,38.45238095238095,12.391304347826093,62.475822050290134,120.53230826435195,False,True,True,2026-03-11,120,2025-12-31
000078,,,3.51,5.7,2.45,-0.38421052631578956,38.42105263157896,43.26530612244896,62.393162393162406,64.10329844027301,True,True,True,2026-03-11,120,2025-11-26
002792,,,45.22,73.35,17.03,-0.3835037491479209,38.35037491479209,165.53141514973572,62.20698805838124,76.42763657001403,False,True,True,2026-03-11,120,2025-11-24
300071,,,6.09,9.85,5.35,-0.3817258883248731,38.17258883248731,13.831775700934584,61.74055829228243,86.48148428205886,False,True,True,2026-03-11,120,2025-12-25
000838,,,2.65,4.28,2.33,-0.3808411214953272,38.084112149532714,13.733905579399133,61.50943396226417,56.01510743357575,True,True,True,2026-03-11,120,2026-02-04
002163,,,15.54,25.03,12.66,-0.3791450259688375,37.91450259688375,22.748815165876767,61.068211068211085,76.10283589727462,False,True,True,2026-03-11,120,2025-12-19
601566,,,11.62,18.68,9.31,-0.37794432548179874,37.79443254817988,24.812030075187955,60.75731497418245,36.86979228363584,True,True,True,2026-03-11,120,2025-11-12
688246,,,24.33,39.0,20.4,-0.37615384615384617,37.61538461538462,19.264705882352942,60.29593094944514,84.50352166950408,False,True,True,2026-03-11,120,2025-12-18
301231,,,38.19,60.83,27.91,-0.3721847772480684,37.218477724806846,36.83267646005015,59.28253469494632,111.08963093137329,False,True,True,2026-03-11,120,2025-12-19
300455,,,26.29,41.5,22.88,-0.36650602409638555,36.65060240963855,14.903846153846157,57.85469760365159,47.40858898526979,True,True,True,2026-03-11,120,2025-11-27
600381,,,3.12,4.92,2.81,-0.36585365853658536,36.58536585365854,11.032028469750891,57.692307692307686,122.76807088216026,False,True,True,2026-03-11,120,2026-02-06
002151,,,42.65,66.9,28.81,-0.36248131539611367,36.248131539611364,48.038875390489416,56.85814771395078,72.25562243484586,False,True,True,2026-03-11,120,2025-11-27
603696,,,18.88,29.57,11.32,-0.36151504903618537,36.15150490361854,66.78445229681978,56.620762711864415,47.82548558426106,True,True,True,2026-03-11,120,2025-11-25
688148,,,8.79,13.76,8.15,-0.3611918604651163,36.11918604651163,7.852760736196304,56.541524459613214,74.6078738889531,False,True,True,2026-03-11,120,2026-02-24
002465,,,17.05,26.62,11.23,-0.359504132231405,35.9504132231405,51.82546749777382,56.12903225806451,120.20876190303846,False,True,True,2026-03-11,120,2025-11-24
300173,,,4.69,7.32,4.16,-0.35928961748633875,35.928961748633874,12.74038461538462,56.076759061833684,64.07329661595836,True,True,True,2026-03-11,120,2026-01-07
002474,,,8.82,13.71,7.46,-0.35667396061269147,35.667396061269145,18.23056300268097,55.442176870748305,38.19819745815415,True,True,True,2026-03-11,120,2025-11-17
688375,,,114.68,178.17,64.8,-0.35634506370320473,35.63450637032047,76.97530864197533,55.362748517614214,96.45334645284677,False,True,True,2026-03-11,120,2025-12-05
600151,,,14.72,22.8,8.3,-0.3543859649122807,35.43859649122807,77.34939759036143,54.891304347826086,57.35818086363713,True,True,True,2026-03-11,120,2025-11-28
300477,,,2.94,4.55,2.55,-0.3538461538461538,35.38461538461538,15.29411764705883,54.76190476190476,71.72919273281758,False,True,True,2026-03-11,120,2026-01-06
603978,,,25.78,39.82,23.85,-0.35258663987945754,35.25866398794575,8.092243186582808,54.46082234290147,64.55413018590869,True,True,True,2026-03-11,120,2026-02-24
000592,,,10.93,16.86,8.13,-0.3517200474495848,35.17200474495848,34.440344403444016,54.254345837145465,75.70874353298827,False,True,True,2026-03-11,120,2025-11-11
300204,,,26.27,40.37,24.88,-0.34926925935100317,34.926925935100314,5.586816720257238,53.67339170156071,83.10976405555799,False,True,True,2026-03-11,120,2026-02-24
300378,,,46.86,71.78,40.11,-0.3471719141822235,34.71719141822235,16.828721017202692,53.17968416559966,94.18066252206621,False,True,True,2026-03-11,120,2025-12-25
300997,,,22.58,34.57,21.5,-0.34683251374023727,34.683251374023726,5.02325581395348,53.10008857395927,66.92320232372295,True,True,True,2026-03-11,120,2026-02-24
301230,,,44.45,67.97,28.9,-0.3460350154479917,34.60350154479917,53.80622837370244,52.913385826771645,141.45372575420598,False,True,True,2026-03-11,120,2026-01-05
300300,,,12.72,19.44,10.7,-0.34567901234567905,34.567901234567906,18.878504672897208,52.83018867924528,65.94442949413052,True,True,True,2026-03-11,120,2025-11-11
600855,,,19.66,30.0,14.43,-0.3446666666666667,34.46666666666667,36.24393624393625,52.5940996948118,44.946509403195506,True,True,True,2026-03-11,120,2025-11-17
000955,,,5.75,8.77,5.45,-0.3443557582668187,34.43557582668187,5.5045871559633,52.521739130434774,44.7947989536576,True,True,True,2026-03-11,120,2026-02-24
603216,,,38.58,58.84,17.27,-0.3443235893949695,34.43235893949695,123.39316734221192,52.514256091239,76.09949209903833,False,True,True,2026-03-11,120,2025-11-20
300253,,,10.55,16.09,7.88,-0.3443132380360472,34.43132380360472,33.883248730964475,52.511848341232216,98.04811157562763,False,True,True,2026-03-11,120,2025-12-17
002565,,,15.42,23.4,6.89,-0.341025641025641,34.102564102564095,123.80261248185778,51.75097276264591,70.90862739613138,False,True,True,2026-03-11,120,2025-11-24
688568,,,65.87,99.95,38.88,-0.3409704852426213,34.09704852426213,69.41872427983539,51.738272354637914,75.60359789086655,False,True,True,2026-03-11,120,2025-11-28
600776,,,17.88,27.09,12.34,-0.3399778516057586,33.99778516057586,44.894651539708256,51.51006711409397,84.29534914870037,False,True,True,2026-03-11,120,2025-11-24
000615,,,3.31,5.01,3.05,-0.3393213572854291,33.93213572854291,8.524590163934434,51.359516616314195,81.01982663407237,False,True,True,2026-03-11,120,2026-02-11
000797,,,3.22,4.87,3.02,-0.3388090349075975,33.88090349075975,6.622516556291397,51.242236024844715,38.52307388437506,True,True,True,2026-03-11,120,2026-02-25
688602,,,8.6,12.99,8.11,-0.33795227097767516,33.795227097767516,6.041923551171396,51.04651162790699,82.49732865091175,False,True,True,2026-03-11,120,2026-02-24
300837,,,45.31,68.42,25.0,-0.3377667348728442,33.77667348728442,81.24000000000001,51.00419333480467,126.72159357207124,False,True,True,2026-03-11,120,2025-12-04
688119,,,6.18,9.33,4.05,-0.33762057877813506,33.762057877813504,52.59259259259259,50.97087378640778,88.24307853457898,False,True,True,2026-03-11,120,2025-12-11
300986,,,30.18,45.55,9.68,-0.3374313940724478,33.74313940724478,211.77685950413223,50.92776673293571,193.3987444049484,False,True,True,2026-03-11,120,2025-12-24
688387,,,14.71,22.16,6.47,-0.33619133574007215,33.619133574007215,127.35703245749616,50.64581917063221,96.6726651671091,False,True,True,2026-03-11,120,2025-11-25
603359,,,7.0,10.5,6.6,-0.3333333333333333,33.33333333333333,6.060606060606066,50.0,48.63638002507246,True,True,True,2026-03-11,120,2026-02-24
002629,,,6.67,9.99,5.66,-0.33233233233233234,33.233233233233236,17.844522968197875,49.77511244377811,137.22614701614057,False,True,True,2026-03-11,120,2026-01-22
301171,,,56.07,83.95,29.13,-0.3321024419297201,33.21024419297201,92.48197734294543,49.72355983591939,96.31900535290289,False,True,True,2026-03-11,120,2025-11-17
600537,,,3.42,5.12,2.61,-0.33203125000000006,33.20312500000001,31.03448275862069,49.70760233918129,137.71155576091388,False,True,True,2026-03-11,120,2026-01-19
000695,,,12.87,19.25,11.99,-0.33142857142857146,33.142857142857146,7.339449541284396,49.57264957264958,42.45272978502529,True,True,True,2026-03-11,120,2026-02-13
301110,,,70.82,105.9,61.86,-0.33125590179414555,33.12559017941455,14.484319430973155,49.53402993504662,117.44693442952911,False,True,True,2026-03-11,120,2025-12-31
003009,,,67.3,100.6,47.44,-0.33101391650099404,33.1013916500994,41.863406408094434,49.47994056463595,48.75430916230471,True,True,True,2026-03-11,120,2025-11-21
300769,,,41.25,61.46,38.97,-0.32883176049463064,32.88317604946307,5.850654349499618,48.99393939393939,72.94272087582603,False,True,True,2026-03-11,120,2026-02-24
688115,,,49.2,73.3,44.66,-0.3287858117326057,32.87858117326057,10.165696372592938,48.98373983739836,139.61682670017666,False,True,True,2026-03-11,120,2026-02-06
002547,,,3.86,5.74,3.55,-0.3275261324041812,32.75261324041812,8.732394366197186,48.70466321243524,138.9584240049136,False,True,True,2026-03-11,120,2026-02-24
002228,,,4.51,6.7,3.59,-0.3268656716417911,32.68656716417911,25.62674094707521,48.558758314855886,34.407630430361756,True,True,True,2026-03-11,120,2025-11-13
300337,,,14.63,21.73,9.58,-0.3267372296364473,32.67372296364473,52.71398747390398,48.530416951469576,62.94285344519902,True,True,True,2026-03-11,120,2025-11-28
688365,,,23.07,34.2,13.13,-0.32543859649122814,32.543859649122815,75.7044935262757,48.244473342002614,102.2507539858474,False,True,True,2026-03-11,120,2025-11-18
002347,,,9.81,14.54,6.51,-0.3253094910591471,32.53094910591471,50.69124423963135,48.21610601427114,52.385368411151155,True,True,True,2026-03-11,120,2025-12-04
301017,,,15.53,23.01,12.69,-0.3250760538896133,32.50760538896133,22.379826635145783,48.16484224082423,55.2303640603464,True,True,True,2026-03-11,120,2025-11-25
300454,,,126.99,188.0,107.13,-0.3245212765957447,32.45212765957447,18.538224586950435,48.04315300417356,158.53618984412938,False,True,True,2026-03-11,120,2025-12-26
688222,,,29.07,42.98,21.46,-0.32363890181479754,32.36389018147975,35.46132339235787,47.850017199862386,91.92703570260062,False,True,True,2026-03-11,120,2025-12-19
600576,,,6.4,9.45,5.58,-0.3227513227513227,32.275132275132265,14.69534050179212,47.656249999999986,74.70718548843168,False,True,True,2026-03-11,120,2025-12-19
300094,,,3.93,5.8,3.52,-0.32241379310344825,32.241379310344826,11.647727272727277,47.5826972010178,79.10665778824595,False,True,True,2026-03-11,120,2026-02-03
000547,,,27.58,40.65,8.26,-0.32152521525215255,32.152521525215256,233.89830508474577,47.389412617839014,68.51438942332334,True,True,True,2026-03-11,120,2025-11-14
000016,,,3.9,5.74,3.45,-0.32055749128919864,32.055749128919864,13.043478260869556,47.17948717948719,158.7477416833967,False,True,True,2026-03-11,120,2026-02-06
300639,,,6.85,10.07,5.33,-0.3197616683217478,31.97616683217478,28.517823639774853,47.007299270073005,231.84448162875398,False,True,True,2026-03-11,120,2026-01-08
002830,,,24.36,35.74,17.35,-0.3184107442641299,31.84107442641299,40.40345821325647,46.71592775041052,154.2780394877928,False,True,True,2026-03-11,120,2025-11-27
300045,,,26.31,38.6,21.26,-0.31839378238341975,31.839378238341975,23.75352775164627,46.712276700874206,60.02253019578737,True,True,True,2026-03-11,120,2025-12-04
300528,,,20.1,29.46,18.52,-0.31771894093686354,31.771894093686353,8.531317494600442,46.567164179104466,145.937950233281,False,True,True,2026-03-11,120,2025-12-26
301005,,,156.04,228.49,46.91,-0.3170817103593156,31.70817103593156,232.63696439991475,46.43040246090747,69.6715070723834,True,True,True,2026-03-11,120,2025-11-17
300155,,,5.52,8.08,5.15,-0.3168316831683169,31.68316831683169,7.18446601941746,46.37681159420291,80.74241840363689,False,True,True,2026-03-11,120,2026-02-03
000426,,,51.14,74.8,29.52,-0.31631016042780746,31.631016042780747,73.23848238482385,46.265154477903785,119.58297780142593,False,True,True,2026-03-11,120,2025-11-25
002394,,,13.82,20.2,11.82,-0.3158415841584158,31.58415841584158,16.920473773265652,46.16497829232995,60.28466804451028,True,True,True,2026-03-11,120,2025-12-12
300560,,,16.94,24.76,14.69,-0.3158319870759289,31.583198707592892,15.316541865214445,46.162927981109796,48.689831117331295,True,True,True,2026-03-11,120,2026-02-02
605365,,,19.87,28.96,15.97,-0.31388121546961323,31.388121546961322,24.420788979336255,45.74735782586814,72.7922061547469,False,True,True,2026-03-11,120,2025-11-24
688626,,,65.2,95.0,44.5,-0.31368421052631573,31.36842105263157,46.516853932584276,45.70552147239263,71.05055266581755,False,True,True,2026-03-11,120,2025-11-28
603800,,,40.3,58.71,38.0,-0.31357520013626305,31.357520013626306,6.052631578947361,45.68238213399505,96.42621968573941,False,True,True,2026-03-11,120,2026-02-24
600280,,,3.7,5.39,3.31,-0.3135435992578849,31.35435992578849,11.78247734138973,45.675675675675656,41.05128404104117,True,True,True,2026-03-11,120,2025-11-26
000603,,,50.54,73.59,22.2,-0.3132219051501563,31.32219051501563,127.65765765765767,45.60743965176099,116.44794514528063,False,True,True,2026-03-11,120,2025-11-25
300170,,,23.15,33.7,16.47,-0.31305637982195855,31.305637982195854,40.55859137826351,45.57235421166309,98.33762469759476,False,True,True,2026-03-11,120,2025-12-30
001337,,,50.64,73.55,25.97,-0.31148878314072054,31.148878314072054,94.99422410473625,45.24091627172196,158.58343192354286,False,True,True,2026-03-11,120,2025-12-10
603716,,,21.97,31.86,19.34,-0.31042059008160705,31.042059008160706,13.598759048603926,45.01593081474739,67.06059488214625,True,True,True,2026-03-11,120,2025-12-18
300624,,,84.8,122.8,64.06,-0.30944625407166126,30.944625407166125,32.37589759600374,44.81132075471698,111.12893033857488,False,True,True,2026-03-11,120,2025-12-25
688256,,,1071.55,1550.0,1015.56,-0.3086774193548387,30.86774193548387,5.5132143841821275,44.650272969063515,108.93726590900808,False,True,True,2026-03-11,120,2026-02-09
301227,,,37.65,54.44,33.82,-0.30841293166789124,30.841293166789125,11.324659964518032,44.59495351925631,88.39722258283776,False,True,True,2026-03-11,120,2026-02-09
002451,,,10.51,15.19,9.52,-0.30809743252139565,30.809743252139565,10.39915966386555,44.5290199809705,51.83527072377735,True,True,True,2026-03-11,120,2025-12-22
301349,,,46.96,67.8,44.58,-0.30737463126843656,30.737463126843657,5.3387169134140935,44.378194207836444,85.16622682354848,False,True,True,2026-03-11,120,2026-02-24
300652,,,51.42,74.21,48.06,-0.3071014688047432,30.71014688047432,6.991260923845193,44.32127576818357,73.0649543291847,False,True,True,2026-03-11,120,2026-02-03
300539,,,34.13,49.2,27.9,-0.30630081300813006,30.630081300813007,22.329749103942667,44.154702607676526,100.69068909618724,False,True,True,2026-03-11,120,2026-02-24
300801,,,30.15,43.42,25.7,-0.3056195301704284,30.561953017042843,17.31517509727626,44.013266998341635,79.15682184385346,False,True,True,2026-03-11,120,2025-12-23
002995,,,26.79,38.56,15.83,-0.30523858921161834,30.523858921161835,69.23562855337966,43.934303844718194,219.4216615687183,False,True,True,2026-03-11,120,2026-01-05
002774,,,11.44,16.45,8.73,-0.30455927051671733,30.455927051671733,31.04238258877433,43.79370629370629,80.17827452935272,False,True,True,2026-03-11,120,2025-12-18
002805,,,16.59,23.85,15.66,-0.3044025157232705,30.44025157232705,5.9386973180076605,43.7613019891501,51.98074769995515,True,True,True,2026-03-11,120,2026-02-24
688260,,,35.71,51.3,26.66,-0.3038986354775828,30.389863547758278,33.94598649662416,43.65723886866423,56.195839399880064,True,True,True,2026-03-11,120,2025-11-24
600637,,,11.23,16.12,9.0,-0.3033498759305211,30.33498759305211,24.777777777777782,43.54407836153161,94.32711034647758,False,True,True,2026-03-11,120,2025-12-29
002694,,,3.4,4.88,3.0,-0.30327868852459017,30.327868852459016,13.33333333333333,43.529411764705884,148.8967365854587,False,True,True,2026-03-11,120,2026-02-24
301232,,,178.0,255.3,47.24,-0.3027810419114767,30.27810419114767,276.79932260795937,43.426966292134836,95.71757406094909,False,True,True,2026-03-11,120,2025-11-20
688353,,,108.09,155.0,84.0,-0.30264516129032254,30.264516129032256,28.67857142857143,43.39901933573873,56.49369971491658,True,True,True,2026-03-11,120,2025-11-11
300765,,,33.44,47.92,28.41,-0.302170283806344,30.217028380634396,17.705033438929945,43.30143540669858,86.3483934385198,False,True,True,2026-03-11,120,2025-12-18
603698,,,33.78,48.4,17.84,-0.3020661157024793,30.206611570247933,89.34977578475338,43.28004736530491,85.65508438778417,False,True,True,2026-03-11,120,2025-11-28
300244,,,23.25,33.3,14.48,-0.3018018018018017,30.180180180180173,60.56629834254144,43.22580645161289,119.40073192656739,False,True,True,2026-03-11,120,2025-12-18
300472,,,7.8,11.17,7.21,-0.3017009847806625,30.170098478066247,8.183079056865463,43.205128205128204,69.33780884583578,True,True,True,2026-03-11,120,2026-01-22
688776,,,104.76,150.0,83.2,-0.3016,30.159999999999997,25.91346153846154,43.18442153493699,71.56978445282076,False,True,True,2026-03-11,120,2025-12-03
300082,,,10.05,14.38,9.16,-0.3011126564673157,30.11126564673157,9.716157205240181,43.08457711442786,78.55388491944579,False,True,True,2026-03-11,120,2026-02-06
001208,,,22.3,31.9,11.11,-0.3009404388714733,30.094043887147333,100.72007200720074,43.04932735426008,67.06509549469399,True,True,True,2026-03-11,120,2025-12-01
002115,,,14.69,21.0,9.98,-0.3004761904761905,30.04761904761905,47.1943887775551,42.954390742001365,123.00722298356285,False,True,True,2026-03-11,120,2025-11-24
002324,,,17.95,25.66,11.97,-0.3004676539360873,30.04676539360873,49.95822890559731,42.952646239554326,95.32692111903397,False,True,True,2026-03-11,120,2025-12-19
